id,name,display_name
"493","Ladoo Sweet Mithai Fragrance Oil (skin safe)(candle)","Ladoo Sweet Mithai"
"494","Pure Desire Fragrance Oil","Pure Desire"
"495","Lavender Vanilla Fragrance Oil (skin safe)(candle)","Lavender Vanilla"
"496","Sea Salt Fragrance Oil (skin safe)(candle)","Sea Salt"
"497","Pure Orange Fragrance Oil (skin safe)(candle)","Pure Orange"
"498","Mahogany Teakwood Fragrance Oil (skin safe)(candle)","Mahogany Teakwood"
"499","Apple Cinnamon Fragrance Oil (skin safe)(candle)","Apple Cinnamon"
"500","Ice Cool Fragrance Oil (skin safe)(candle)","Ice Cool"
"501","Blue Ocean Fragrance Oil (skin safe)(candle)","Blue Ocean"
"502","Insignia Fragrance Oil (skin safe)(candle)","Insignia"
"503","Silky Sun Fragrance Oil (skin safe)(candle)","Silky Sun"
"504","Inter Pool Fragrance Oil (skin safe)(candle)","Inter Pool"
"505","Dove Strong Fragrance Oil (skin safe)(candle)","Dove Strong"
"506","Mimosa & Mandarin Fragrance Oil (skin safe)(cold process stable)(candle)","Mimosa & Mandarin"
"507","White Linen Fragrance Oil (skin safe)(cold process stable)(candle)","White Linen"
"508","Masala Chai Fragrance Oil (skin safe)(cold process stable)(candle)","Masala Chai"
"509","Arctic Breeze Fragrance Oil (skin safe)(cold process stable)(candle)","Arctic Breeze"
"510","French Lilac Fragrance Oil (skin safe)(cold process stable)(candle)","French Lilac"
"511","Hazelnut Coffee Fragrance Oil (skin safe)(cold process stable)(candle)","Hazelnut Coffee"
"512","Gili Mitti Fragrance Oil (skin safe)(cold process stable)(candle)","Gili Mitti"
"513","Bamboo Leaf Fragrance Oil (skin safe)(cold process stable)(candle)","Bamboo Leaf"
"514","Moringa Drumstick Flower Fragrance Oil (skin safe)(cold process stable)(candle)","Moringa Drumstick Flower"
"515","Amber Noir Fragrance Oil (skin safe)(cold process stable)(candle)","Amber Noir"
"516","Apple Pie Fragrance Oil (skin safe)(cold process stable)(candle)","Apple Pie"
"517","Russian Leather Fragrance Oil (skin safe)(cold process stable)(candle)","Russian Leather"
"518","Green Tea & Lemon Fragrance Oil (skin safe)(cold process stable)(candle)","Green Tea & Lemon"
"519","Lush Bomb Fragrance Oil (skin safe)(cold process stable)(candle)","Lush Bomb"
"520","Vetiver Fragrance Oil (skin safe)(cold process stable)(candle)","Vetiver"
"521","Vanilla SPC Fragrance Oil (skin safe)(cold process stable)(candle)","Vanilla SPC"
"522","Lavender Kashmir Fragrance Oil (skin safe)(cold process stable)(candle)","Lavender Kashmir"
"523","Japanese Cherry Blossom Fragrance Oil (skin safe)","Japanese Cherry Blossom"
"524","Ameer Al Oudh Fragrance Oil (skin safe)","Ameer Al Oudh"
"525","Pumpkin Pie Fragrance Oil (skin safe)(cold process stable)(candle)","Pumpkin Pie"
"526","Frangipani Fragrance Oil (skin safe)","Frangipani"
"527","English Oakmoss Fragrance Oil (skin safe)(cold process stable)(candle)","English Oakmoss"
"528","Sensual Amber Fragrance Oil (skin safe)","Sensual Amber"
"529","Fun Loving Fragrance Oil (skin safe)","Fun Loving"
"530","Saffron Cedar Fragrance Oil (skin safe)(cold process stable)(candle)","Saffron Cedar"
"531","Mango Punch Fragrance Oil (skin safe)(cold process stable)(candle)","Mango Punch"
"532","Peach Coconut Fragrance Oil (skin safe)(cold process stable)(candle)","Peach Coconut"
"533","Morning Flower Fragrance Oil (skin safe)(cold process stable)(candle)","Morning Flower"
"534","Cardamom & Saffron Fragrance Oil (skin safe)(cold process stable)(candle)","Cardamom & Saffron"
"535","French Oak Fragrance Oil","French Oak"
"536","Silky Musk Fragrance Oil","Silky Musk"
"537","Aloe Vera Fragrance Oil","Aloe Vera"
"538","Lotus Floral Fragrance Oil","Lotus Floral"
"539","Romantic Mogra Fragrance Oil","Romantic Mogra"
"540","Green Apple Fragrance Oil","Green Apple"
"541","Ginger & Lime Fragrance Oil","Ginger & Lime"
"542","Cucumber Fragrance Oil","Cucumber"
"543","Black Oudh Fragrance Oil","Black Oudh"
"544","Honeysuckle & Peach Fragrance Oil","Honeysuckle & Peach"
"545","Nargis Flower Fragrance Oil","Nargis Flower"
"546","Gardenia & White Peach Fragrance Oil","Gardenia & White Peach"
"547","Pink Sand Fragrance Oil","Pink Sand"
"548","Dewberry Fragrance Oil","Dewberry"
"549","Mix Fruit 101 Fragrance Oil","Mix Fruit 101"
"550","Kiwi Fig Fragrance Oil (skin safe)(cold process stable)(candle)","Kiwi Fig"
"551","Sea Breeze Fragrance Oil","Sea Breeze"
"552","Patchouli Fragrance Oil","Patchouli"
"553","Coffee Bean Fragrance Oil","Coffee Bean"
"554","Choco Musk Fragrance Oil","Choco Musk"
"555","Real Lemon Fragrance Oil","Real Lemon"
"556","Green Tea Fragrance Oil","Green Tea"
"557","Strawberry Fragrance Oil","Strawberry"
"558","White Lily Fragrance Oil","White Lily"
"559","White Musk Fragrance Oil","White Musk"
"560","White Soap Fragrance Oil (skin safe)","White Soap"
"561","Milk Soap Fragrance Oil (skin safe)","Milk Soap"
"562","Lavender Yardle Fragrance Oil","Lavender Yardle"
"563","Sandalwood & Saffron Fragrance Oil (cold process stable)","Sandalwood & Saffron"
"564","Kesar Fragrance Oil","Kesar"
"565","Citrus Fruit Fragrance Oil","Citrus Fruit"
"566","Gentleman's Tonic Fragrance Oil","Gentleman's Tonic"
"567","Red Wine Fragrance Oil","Red Wine"
"568","Sandal Florence Fragrance Oil","Sandal Florence"
"569","Papaya Fragrance Oil","Papaya"
"570","Apple Fragrance Oil","Apple"
"571","Real Rose Fragrance Oil","Real Rose"
"572","Fasli Gulaab Fragrance Oil","Fasli Gulaab"
"573","Spanish Kesar Fragrance Oil","Spanish Kesar"
"574","Jasmine Flower Fragrance Oil","Jasmine Flower"
"575","Rose Bulgarian Fragrance Oil","Rose Bulgarian"
"576","Neem & Tulsi Fragrance Oil","Neem & Tulsi"
"577","Honey & Milk Fragrance Oil (skin safe)","Honey & Milk"
"578","Golden Women Fragrance Oil","Golden Women"
"579","Iris Lime Fragrance Oil","Iris Lime"
"580","Lavender Fragrance Oil","Lavender"
"581","Diced Pineapple Fragrance Oil (skin safe)(cold process stable)(candle)","Diced Pineapple"
"582","Strawberry Lush Fragrance Oil (skin safe)(cold process stable)(candle)","Strawberry Lush"
"583","Cherry Blossom Fragrance Oil (skin safe)(cold process stable)(candle)","Cherry Blossom"
"584","Orchid Bouquet Fragrance Oil (skin safe)(cold process stable)(candle)","Orchid Bouquet"
"585","Roasted Coffee Fragrance Oil (skin safe)(cold process stable)(candle)","Roasted Coffee"
"586","Musk Gold Fragrance Oil (skin safe)(cold process stable)(candle)","Musk Gold"
"587","Jasmine Knight Fragrance Oil (skin safe)(cold process stable)(candle)","Jasmine Knight"
"588","Fresh Oudh Fragrance Oil (candle)","Fresh Oudh"
"589","Cactus Blossom Fragrance Oil (candle)","Cactus Blossom"
"590","Midnight Blue Citrus Fragrance Oil (candle)","Midnight Blue Citrus"
"591","Butterfly Fragrance Oil (candle)","Butterfly"
"592","Temple Fragrance Oil (candle)","Temple"
"593","Rose Candle Fragrance Oil (candle)","Rose Candle"
"594","Mulberry Vanilla Fragrance Oil (candle)","Mulberry Vanilla"
"595","Lavender Florence Fragrance Oil (candle)","Lavender Florence"
"596","Vanilla Fragrance Oil (candle)","Vanilla"
"597","Orange & Cinnamon Fragrance Oil (candle)","Orange & Cinnamon"
"598","Clean Ocean Fragrance Oil (candle)","Clean Ocean"
"599","Bubble Gum Fragrance Oil (candle)","Bubble Gum"
"600","New Aqua Fresh Fragrance Oil (candle)","New Aqua Fresh"
